reviewBucket,name,website,status,blockedReason,connector,products,offers,city,cityAr,area,lastSync,id
excluded,اتقان سمارت هوم - siemens,http://www.eknx-iq.com/,blocked,scrape_excluded:zero_products_manual_review,woocommerce,0,0,Baghdad,بغداد,,2026-04-21T03:15:27.370Z,city_baghdad_ChIJKSyHv4KDVxURR_5Gj8nQgHY
excluded,احمد عشتار (AHMED ISHTAR ),http://www.ishtarcenter.com/,blocked,scrape_excluded:zero_products_manual_review,generic_json_catalog,0,0,Baqubah,ديالى,,2026-04-21T03:14:37.767Z,city_baqubah_ChIJxbDF3xJLVhURz7ZeE-P54ec
excluded,الزبون للحاسبات والطابعات ALZABON computer&printers,https://maps.app.goo.gl/iMAAQb52fTZWLc1f8,blocked,scrape_excluded:manual_pending_review,,0,0,Baghdad,بغداد,,,city_baghdad_ChIJG1mvHX6BVxURG0l6UueEaaE
excluded,اللؤلؤة لمواد الفنون اليدوية,https://pearl.iqmenus.com/,blocked,scrape_excluded:zero_products_manual_review,generic_sitemap_html,0,0,Mosul,الموصل,,2026-04-21T03:16:10.837Z,city_mosul_ChIJl93Y4KrrB0ARY1AU85SINrQ
excluded,المخيم الحسيني.,http://imamhussain.org/news/14278,blocked,scrape_excluded:zero_products_manual_review,generic_json_catalog,0,0,Karbala,كربلاء,,2026-04-21T03:17:21.233Z,city_karbala_ChIJzdK-VutrWRURUr3vx7BDSbQ
excluded,المركز الامريكي للعيون,http://www.bahranimc.com/,blocked,scrape_excluded:zero_products_manual_review,generic_sitemap_html,0,0,Erbil,أربيل,,2026-04-21T03:17:44.404Z,city_erbil_ChIJTd2JjP4iB0ART_dd2sOOU2w
excluded,المستقبل فون,https://future-phone.store/,blocked,scrape_excluded:zero_products_manual_review,generic_sitemap_html,0,0,Basra,البصرة,,2026-04-21T03:17:45.302Z,city_basra_ChIJG54C27aZxD8R8kfmwOn3Yco
excluded,الودق لتقنيات المعلومات,http://www.ishraqalwadaq.com/,blocked,scrape_excluded:zero_products_manual_review,generic_sitemap_html,0,0,Najaf,النجف,,2026-04-21T03:18:29.082Z,city_najaf_ChIJ2eRCtjfXXhURmS988OmD3jE
excluded,ايفون كركوك,https://ikik-iq.web.app/,blocked,scrape_excluded:zero_products_manual_review,generic_sitemap_html,0,0,Kirkuk,كركوك,,2026-04-21T03:19:01.927Z,city_kirkuk_ChIJG9A3fXvXVBURTKGHVL88hmw
excluded,بوينت المنصور,https://pointmobs.com/,blocked,scrape_excluded:manual_pending_review,,0,0,Baghdad,بغداد,,,city_baghdad_ChIJPwFwSXt_VxURimh9Pnu303A
excluded,پڕۆمیدیا,http://www.promediastore.com/,blocked,scrape_excluded:manual_pending_review,,0,0,Erbil,أربيل,,,city_erbil_ChIJeVPG5XsjB0ARX-0ZvQGpD5I
excluded,پێــشانگای ئارام,http://playstation.com/,blocked,scrape_excluded:zero_products_manual_review,generic_json_catalog,0,0,Sulaymaniyah,السليمانية,,2026-04-21T03:20:28.869Z,city_sulaymaniyah_ChIJp77aedEtAEAR306YCeY8Oi0
excluded,پێشانگای ئۆپۆ لە هەولێر المعرض الرسمي اوبو,http://www.oppo.com/,blocked,scrape_excluded:zero_products_manual_review,generic_sitemap_html,0,0,Erbil,أربيل,,2026-04-21T03:21:18.171Z,city_erbil_ChIJLWnZrlcjB0ARy0RiczadKyk
excluded,تاوەری تەندروستی سمارت,https://smarthealth.group/,blocked,scrape_excluded:manual_pending_review,,0,0,Sulaymaniyah,السليمانية,,,city_sulaymaniyah_ChIJHYyAUWwtAEAR-BTto5Srmdc
excluded,جنيد فون للاتصالات والدفع الاكتروني,http://junaid-phone.odoo.com/,blocked,scrape_excluded:zero_products_manual_review,,0,0,Kirkuk,كركوك,,,city_kirkuk_ChIJcd_y_9XXVBURVr_WWUMP_Gc
excluded,جيهان بازار,http://cbazar.net/,blocked,scrape_excluded:zero_products_manual_review,,0,0,Kirkuk,كركوك,,,city_kirkuk_ChIJY-iifgDXVBURvbObz7QlXhc
excluded,حسين الالعاب الإلكترونية,https://husseingamng.github.io/P/,blocked,scrape_excluded:zero_products_manual_review,generic_sitemap_html,0,0,Najaf,النجف,,2026-04-21T03:29:19.940Z,city_najaf_ChIJR2CpegDXXhUR8Z3GxdSKnew
excluded,حيدر للهواتف النقالة,https://telegram.me/jokoo1,blocked,scrape_excluded:zero_products_manual_review,generic_sitemap_html,0,0,Basra,البصرة,,2026-04-21T03:29:39.380Z,city_basra_ChIJdQzURAihxD8RunOd4zqbp9Y
excluded,داش سكيور,https://dashsecureai.com/,blocked,scrape_excluded:zero_products_manual_review,,0,0,Basra,البصرة,,,city_basra_ChIJeZf0YgCZxD8R-42PdjK-YCg
excluded,رايزن للحاسبات /Ryzen PC /Out world,https://microstoreiq.com/,blocked,scrape_excluded:zero_products_manual_review,generic_sitemap_html,0,0,Basra,البصرة,,2026-04-21T03:30:12.824Z,city_basra_ChIJ52mUOtObxD8RD2ruDx0rtos
excluded,ڕێژوان فۆن,http://rezhwan.net/,blocked,scrape_excluded:manual_pending_review,,0,0,Sulaymaniyah,السليمانية,,,city_sulaymaniyah_ChIJmxhf2cAxAEARExstAV8s7uY
excluded,ساموراي كيمز,http://saigs.xyz/,blocked,scrape_excluded:zero_products_manual_review,generic_sitemap_html,0,0,Nasiriyah,الناصرية,,2026-04-21T03:30:40.869Z,city_nasiriyah_ChIJXVbJHjrj3T8RSgVEGPxPDDg
excluded,سان سيفر,http://www.sansevar.com/,blocked,scrape_excluded:zero_products_manual_review,generic_sitemap_html,0,0,Erbil,أربيل,,2026-04-21T03:30:53.804Z,city_erbil_ChIJw7mwJLcjB0ARAXHce3K2yfU
excluded,سبيستون,http://www.spacetoon-irq.com/,blocked,scrape_excluded:zero_products_manual_review,generic_sitemap_html,0,0,Erbil,أربيل,,2026-04-21T03:30:55.633Z,city_erbil_ChIJowRd0IUhB0ARw6g1dkUDVyI
excluded,سبيستون السليمانية 60 متري,https://spacetoon-irq.com/,blocked,scrape_excluded:zero_products_manual_review,generic_sitemap_html,0,0,Sulaymaniyah,السليمانية,,2026-04-21T03:31:00.247Z,city_sulaymaniyah_ChIJ9QwTSgAvAEARwTS8yfiFdvQ
excluded,سدرة المنتهى للكومبيوتر,http://sidra-almuntaha.com/,blocked,scrape_excluded:manual_pending_review,,0,0,Erbil,أربيل,,,city_erbil_ChIJGZZLqPgiB0ARH4oPKMEHHGQ
excluded,سرمد فون,http://www.sarmadstore-iq.com/,blocked,scrape_excluded:zero_products_manual_review,,0,0,Baghdad,بغداد,,,city_baghdad_ChIJORe-IwB9VxUR_EfBs3zMf_E
excluded,سوبرفون,http://superphone.online/,blocked,scrape_excluded:manual_pending_review,,0,0,Kirkuk,كركوك,,,city_kirkuk_ChIJHSNOPbPXVBURqj4oxiTev1s
excluded,شركة ابراج الاهرام Ahram.Co,http://www.abraj-alahram.com/,blocked,scrape_excluded:zero_products_manual_review,,0,0,Najaf,النجف,,,city_najaf_ChIJ68UO-2rXXhURAVtIWUQJ5XI
excluded,شركة اصالة الكواز ASALET AL-KAWAZ CO.LTD,http://www.asaletalkawaz.iq/,blocked,scrape_excluded:zero_products_manual_review,generic_sitemap_html,0,0,Baghdad,بغداد,,2026-04-21T03:31:58.739Z,city_baghdad_ChIJgeD8vCOBVxURmKV7m-HLGs8
excluded,شركة افق الموصل,http://www.almjmuaah.com/,blocked,scrape_excluded:zero_products_manual_review,woocommerce,0,0,Mosul,الموصل,,2026-04-21T03:32:21.501Z,city_mosul_ChIJA2Jx58LrB0ARVwKBf316M6A
excluded,شركة الاماني,http://www.alamani.iq/,blocked,scrape_excluded:zero_products_manual_review,generic_sitemap_html,0,0,Karbala,كربلاء,,2026-04-21T03:32:01.151Z,city_karbala_ChIJ22xcqt5rWRURDHy-d9-0hv4
excluded,شركة البدائل الذكية,http://dizzha.com/,blocked,scrape_excluded:zero_products_manual_review,generic_sitemap_html,0,0,Baghdad,بغداد,,2026-04-21T03:32:01.695Z,city_baghdad_ChIJl1EGTAB_VxURnH-4VtQ00So
excluded,شركة البلسان التجارية,https://www.al-balsan.com/,blocked,scrape_excluded:zero_products_manual_review,generic_sitemap_html,0,0,Baghdad,بغداد,,2026-04-21T03:32:02.199Z,city_baghdad_ChIJidcJ0T-BVxURSWiiq8DvB9I
excluded,شركة التكنلوجيا الحديثة-MTC,http://www.mtciraq.com/,blocked,scrape_excluded:zero_products_manual_review,,0,0,Baghdad,بغداد,,,city_baghdad_ChIJO14vnY5_VxUR2IN3s5Fxbgg
excluded,شركة التكنولوجيا التاسعة 9tech,http://ninetech.co/,blocked,scrape_excluded:zero_products_manual_review,generic_sitemap_html,0,0,Kirkuk,كركوك,,2026-04-21T03:32:03.074Z,city_kirkuk_ChIJgXT8YLnXVBURpL95vbBpQr4
excluded,شركة الخطوات الرقمية,https://www.ds.com.iq/,blocked,scrape_excluded:zero_products_manual_review,generic_sitemap_html,0,0,Baghdad,بغداد,,2026-04-21T03:32:43.755Z,city_baghdad_ChIJ8_prXuZ9VxURndKVo8GvIjU
excluded,شركة الشبكة الضوئية,https://opticalnetiq.com/,blocked,scrape_excluded:zero_products_manual_review,,0,0,Kirkuk,كركوك,,,city_kirkuk_ChIJwzP_IADXVBURhgvSrZ9Xozo
excluded,شركة الصرد للتجارة العامة المحدودة Al Sard Company for General Trading Ltd.,http://www.sardco.com/,blocked,scrape_excluded:manual_pending_review,,0,0,Basra,البصرة,,,city_basra_ChIJQ1SE0v6ZxD8RKBF-2val0pA
excluded,شركة العربي لتجارة الحاسبات,http://arabiiq.com/,blocked,scrape_excluded:zero_products_manual_review,generic_sitemap_html,0,0,Najaf,النجف,,2026-04-21T03:32:28.491Z,city_najaf_ChIJDTSzZ3zRXhUR68loKzi6p5Y
excluded,شركة الغصن الدالي ( الدولي سابقا),http://dawlygroup.com/,blocked,scrape_excluded:zero_products_manual_review,generic_sitemap_html,0,0,Baghdad,بغداد,,2026-04-21T03:33:01.818Z,city_baghdad_ChIJ6QrBYgp-VxURqG6Gy86nzXE
excluded,شركة الموقع لتقنية المعلومات المحدودة,http://www.esite.iq/,blocked,scrape_excluded:manual_pending_review,,0,0,Baghdad,بغداد,,,city_baghdad_ChIJBWZkc6GBVxURWIHfbgYXW8I
excluded,شركة أنس لتجارة إكسسوارات الحاسب و الموبايل ANAS,https://www.anas-iq.com/,blocked,scrape_excluded:zero_products_manual_review,generic_json_catalog,0,0,Baghdad,بغداد,,2026-04-21T03:33:24.193Z,city_baghdad_ChIJYfodk2KBVxURejI7ZASob9E
excluded,شركة باقر للتكنولوجيا الحديثة,http://www.mf.com.iq/,blocked,scrape_excluded:zero_products_manual_review,generic_sitemap_html,0,0,Najaf,النجف,,2026-04-21T03:33:33.732Z,city_najaf_ChIJGZ7wKS7XXhURW5enabJ4V1M
excluded,شركة تِل بغداد Tel Baghdad,https://telbaghdad.com/,blocked,scrape_excluded:zero_products_manual_review,generic_sitemap_html,0,0,Karbala,كربلاء,,2026-04-21T03:33:30.283Z,city_karbala_ChIJk8M4rippWRURJY7Bl6qLsRw
excluded,شركة حاسبات العربي للتجارة العامة,http://www.alarabi.iq/,blocked,scrape_excluded:manual_pending_review,,0,0,Karbala,كربلاء,,,city_karbala_ChIJL3UuEc5rWRURfFmlTZSqEao
excluded,شركة حوراء,http://www.hawra.com/,blocked,scrape_excluded:manual_pending_review,,0,0,Erbil,أربيل,,,city_erbil_ChIJFQMps88jB0AR4QT_8Mx_9NQ
excluded,شركة دلتانت لخدمات الانترنت فايبر اوبتك,http://www.deltacomms.net/,blocked,scrape_excluded:zero_products_manual_review,generic_sitemap_html,0,0,Erbil,أربيل,,2026-04-21T03:34:42.564Z,city_erbil_ChIJT8_74r4jB0ARbqx6CCh596I
excluded,شركة ردى,http://www.rada.com/,blocked,scrape_excluded:manual_pending_review,,0,0,Kirkuk,كركوك,,,city_kirkuk_ChIJL9UlcQDXVBUR21bbwUE25HY
excluded,شركة روح التكاتف للتجارة العامة,http://www.aswar.iq/,blocked,scrape_excluded:manual_pending_review,,0,0,Baghdad,بغداد,,,city_baghdad_ChIJb5Mygv5_VxURXGKTe3c5lwE
excluded,شركة زين للإتصالات,https://www.iq.zain.com/ar?utm_source=GMB&utm_medium=organic&utm_campaign=ROS_25,blocked,scrape_excluded:manual_pending_review,,0,0,Najaf,النجف,,,city_najaf_ChIJZ4hTGD7XXhURbv6OS7dMICw
excluded,شركة سمارت كنترول,https://smartcontrols-iq.com/,blocked,scrape_excluded:zero_products_manual_review,generic_sitemap_html,0,0,Baghdad,بغداد,,2026-04-21T03:35:10.524Z,city_baghdad_ChIJ3cVn1rh_VxURwnUQMsxGb44
excluded,شركة سمارت نت,http://smartco.network/,blocked,scrape_excluded:manual_pending_review,,0,0,Baghdad,بغداد,,,city_baghdad_ChIJgfqQrNZ9VxUROB5T0sKi-Do
excluded,شركة عبر الشرق للالكترونيات,http://www.as-elect.com/,blocked,scrape_excluded:zero_products_manual_review,generic_sitemap_html,0,0,Basra,البصرة,,2026-04-21T03:34:44.906Z,city_basra_ChIJs-QRHnqXxD8RWmD0O5AC9mo
excluded,شركة عين بغداد كاميرات مراقبة,http://www.einbaghdad.com/,blocked,scrape_excluded:zero_products_manual_review,generic_sitemap_html,0,0,Baghdad,بغداد,,2026-04-21T03:35:10.527Z,city_baghdad_ChIJMRoZLH6BVxURGqpPthbBEgA
excluded,شركة عيناي لتجارة قطع غيار الهواتف النقاله وصيانتها,http://www.aynay.com.iq/,blocked,scrape_excluded:manual_pending_review,,0,0,Kirkuk,كركوك,,,city_kirkuk_ChIJCXrfUxDWVBURmpfg6mL5lLQ
excluded,شركة فرياد,http://www.pfryad.weebly.com/,blocked,scrape_excluded:manual_pending_review,,0,0,Sulaymaniyah,السليمانية,,,city_sulaymaniyah_ChIJYRr6xIIuAEARw3TjFsA4M-Q
excluded,شركة مايكرو للتقسيط,https://microstoreiq.com/,blocked,scrape_excluded:zero_products_manual_review,generic_sitemap_html,0,0,Basra,البصرة,,2026-04-21T03:35:41.523Z,city_basra_ChIJOS6hnZCZxD8Ru5JeYMZKpvc
excluded,شركة محمد للالكترونيات,https://itechkurd.net/,blocked,scrape_excluded:zero_products_manual_review,generic_sitemap_html,0,0,Kirkuk,كركوك,,2026-04-21T03:35:21.209Z,city_kirkuk_ChIJ4Rqdw4ApVRURr2xSY46nPYw
excluded,شركة نسائم البرکات,https://www.nasaemalbarakat.com/,blocked,scrape_excluded:manual_pending_review,,0,0,Sulaymaniyah,السليمانية,,,city_sulaymaniyah_ChIJB8VKm5otAEARFQ6DU30ZE6o
excluded,شركة نسيم البصرة للاجهزة المنزلية,http://naseemalbasraa.com/,blocked,scrape_excluded:zero_products_manual_review,generic_sitemap_html,0,0,Basra,البصرة,,2026-04-21T03:35:51.363Z,city_basra_ChIJkxfZBeiZxD8RGJ0-_SpjoYA
excluded,شركة نيو داودي New Dawody Company,http://www.newdawody.net/,blocked,scrape_excluded:zero_products_manual_review,generic_sitemap_html,0,0,Erbil,أربيل,,,city_erbil_ChIJxYYN3P8iB0ARQEtxSDvVTMA
excluded,شركة هوا لهواتف نقالة,https://www.hawa.com.iq/,blocked,scrape_excluded:manual_pending_review,,0,0,Kirkuk,كركوك,,,city_kirkuk_ChIJP5_itzLXVBURlu_Z2hXRkLk
excluded,طيف السحابة,http://cloud_tech.net/,blocked,scrape_excluded:manual_pending_review,,0,0,Baghdad,بغداد,,,city_baghdad_ChIJw8dd05eDVxURCikryd02TqU
excluded,عالم ابل للهواتف والاكسسوارات,https://app.gini.iq/deeplink/appleworld,blocked,scrape_excluded:manual_pending_review,,0,0,Najaf,النجف,,,city_najaf_ChIJeZko5dTXXhURQOF6W8N5VUU
excluded,عالم الكارتات والبطاقات الالكترونية,https://aaalm-altswq.vatrin.app/,blocked,scrape_excluded:manual_pending_review,,0,0,Kirkuk,كركوك,,,city_kirkuk_ChIJc5dFbNYpVRURI0RNNn5fg08
excluded,عين الفهد,http://www.aynalfahad.com/,blocked,scrape_excluded:manual_pending_review,,0,0,Baghdad,بغداد,,,city_baghdad_ChIJ9cgcrgp-VxURgh0twaGgHNU
excluded,فندق رمادا,https://www.ramadasulaymaniyah-salimstreet.com/,blocked,scrape_excluded:zero_products_manual_review,generic_sitemap_html,0,0,Sulaymaniyah,السليمانية,,2026-04-21T03:39:37.205Z,city_sulaymaniyah_ChIJBecbpiAsAEARbMuJdUAd15A
excluded,فيض حسيني - كربلاء,http://www.fayzehusayni.com/,blocked,scrape_excluded:zero_products_manual_review,generic_sitemap_html,0,0,Karbala,كربلاء,,2026-04-21T03:39:51.879Z,city_karbala_ChIJNcrDYvJrWRURiyfnGfTlOlo
excluded,قرطاسية الاخوين 2,https://the2bros.org/,blocked,scrape_excluded:zero_products_manual_review,generic_sitemap_html,0,0,Kirkuk,كركوك,,2026-04-21T03:39:46.323Z,city_kirkuk_ChIJ642WkALXVBURPWVl-JwHpKI
excluded,قسم هندسة الحاسبات,https://eng.uobasrah.edu.iq/computer-engineering-department,blocked,scrape_excluded:zero_products_manual_review,generic_sitemap_html,0,0,Basra,البصرة,,2026-04-21T03:40:13.985Z,city_basra_ChIJR6IVN-qhxD8Rnv59K7uOTno
excluded,قەڵای هەولێر,https://www.hawlergov.org/app/en/node/539,blocked,scrape_excluded:manual_pending_review,,0,0,Erbil,أربيل,,,city_erbil_ChIJf7JSRFQiB0ARrIie9e0A4bk
excluded,كلية التربية الاساسية,http://www.basicedu.uodiyala.edu.iq/,blocked,scrape_excluded:zero_products_manual_review,generic_sitemap_html,0,0,Baqubah,ديالى,,2026-04-21T03:41:14.157Z,city_baqubah_ChIJff3-WVhLVhURKKIOk3FIn7M
excluded,كلية التربية للعلوم الإنسانية,http://uokirkuk.edu.iq/education/,blocked,scrape_excluded:zero_products_manual_review,generic_sitemap_html,0,0,Kirkuk,كركوك,,2026-04-21T03:40:46.239Z,city_kirkuk_ChIJNdDnVHXZVBURGx2UTRCrQDY
excluded,كلية العلوم,http://uokirkuk.edu.iq/science/,blocked,scrape_excluded:zero_products_manual_review,generic_sitemap_html,0,0,Kirkuk,كركوك,,2026-04-21T03:41:17.621Z,city_kirkuk_ChIJiX4VIXXZVBURgGXR-biilEM
excluded,كلية العلوم البيئية,http://environmentalscience.uomosul.edu.iq/,blocked,scrape_excluded:manual_pending_review,,0,0,Mosul,الموصل,,,city_mosul_ChIJ_eDmvlTrB0ARUBMl75Nghw4
excluded,كلية القانون والعلوم السياسية,http://uokirkuk.edu.iq/law/,blocked,scrape_excluded:zero_products_manual_review,generic_sitemap_html,0,0,Kirkuk,كركوك,,2026-04-21T03:41:48.284Z,city_kirkuk_ChIJeeEh3HTZVBURpx9xeIDx3FI
excluded,كلية علوم الحاسوب وتكنولوجيا المعلومات,https://en.cit.uobasrah.edu.iq/,blocked,scrape_excluded:zero_products_manual_review,generic_sitemap_html,0,0,Basra,البصرة,,2026-04-21T03:41:47.979Z,city_basra_ChIJR5ug5euhxD8R3oP63F0y3_w
excluded,كلية علوم الحاسوب وتكنولوجيا المعلومات,https://uokirkuk.edu.iq/tec/,blocked,scrape_excluded:zero_products_manual_review,generic_sitemap_html,0,0,Kirkuk,كركوك,,2026-04-21T03:42:22.144Z,city_kirkuk_ChIJQZKQEqXZVBURforfrEe21Bg
excluded,كوزمتك ناز,https://saltk.app/nazcosm,blocked,scrape_excluded:zero_products_manual_review,generic_sitemap_html,0,0,Najaf,النجف,,2026-04-21T03:41:49.414Z,city_najaf_ChIJg2HO15TVXhURH8I_pQJJyJA
excluded,مجمع الكرعاوي لاكسسوارات الموبايل,https://chat.whatsapp.com/DYg6WEiCF6j9U8L2ROTWFk,blocked,scrape_excluded:zero_products_manual_review,generic_sitemap_html,0,0,Najaf,النجف,,2026-04-21T03:43:20.353Z,city_najaf_ChIJl9LyIeXXXhURUomYvMOPDOo
excluded,مجمع كليات باب الزبير,https://www.uobasrah.edu.iq/,blocked,scrape_excluded:zero_products_manual_review,generic_sitemap_html,0,0,Basra,البصرة,,2026-04-21T03:43:31.969Z,city_basra_ChIJr6qqqv-WxD8RZoGdTlljpO0
excluded,مجموعة الافراح Al-Afrah Group,https://www.alafrah.iq/,blocked,scrape_excluded:zero_products_manual_review,woocommerce,0,0,Baghdad,بغداد,,2026-04-21T03:44:32.016Z,city_baghdad_ChIJ2Sp-QB2DVxUR_EmcJilojmM
excluded,مجموعة الليث,http://www.laithgroup.com/,blocked,scrape_excluded:zero_products_manual_review,shopify,0,0,Karbala,كربلاء,,2026-04-21T03:44:24.154Z,city_karbala_ChIJgz-PId1rWRUR-7qteJWDUlg
excluded,مجموعة الليث لتقنيات وتجارة الحاسبات Al Laith Group For Computer Techniques Trd Co.,http://www.al-laith.com/,blocked,scrape_excluded:zero_products_manual_review,generic_sitemap_html,0,0,Basra,البصرة,,2026-04-21T03:44:58.208Z,city_basra_ChIJ2aKBNPqZxD8RU2GNDfIds_k
excluded,مركز التاج للحاسبات,https://altajstore.com/,blocked,scrape_excluded:manual_pending_review,,0,0,Basra,البصرة,,,city_basra_ChIJo4Jdo1WZxD8RsdKZ5ms4wmw
excluded,مركز التواصل للهواتف واجهزة الانترنت,http://altawasu.blogspot.com/,blocked,scrape_excluded:zero_products_manual_review,generic_sitemap_html,0,0,Karbala,كربلاء,,2026-04-21T03:45:09.658Z,city_karbala_ChIJ-0ms6CNvWRURpdxPfvo4W2g
excluded,مركز النور لكاميرات المراقبه في البصرة,https://alnoor-basra.my.canva.site/,blocked,scrape_excluded:zero_products_manual_review,generic_sitemap_html,0,0,Basra,البصرة,,2026-04-21T03:45:34.381Z,city_basra_ChIJSfqkC8KZxD8RZhgeX7pv71s
excluded,مركز كربلاء لتكنولوجيا المعلومات,http://kcitiq.com/ar,blocked,scrape_excluded:zero_products_manual_review,generic_sitemap_html,0,0,Karbala,كربلاء,,2026-04-21T03:46:11.114Z,city_karbala_ChIJ8TAf0E5pWRURclA-NEIiW8U
excluded,مركز ناروتو,https://www.narutocenter.com/,blocked,scrape_excluded:zero_products_manual_review,generic_sitemap_html,0,0,Basra,البصرة,,2026-04-21T03:46:55.365Z,city_basra_ChIJ1YFNwxyXxD8RF8hEd1eu3q4
excluded,مركز A and H للموبايل / شحن الالعاب والبرامج,http://www.assalcenter.iq.org/,blocked,scrape_excluded:manual_pending_review,,0,0,Nasiriyah,الناصرية,,,city_nasiriyah_ChIJRT-NUeP93T8RyhGCqE1JEv8
excluded,مزاد الطائي للسبح والفضة,http://www.jasim1991.com/,blocked,scrape_excluded:manual_pending_review,,0,0,Karbala,كربلاء,,,city_karbala_ChIJUz5H24xtWRURtlSmBsIztno
excluded,مستشفى بار الخاص,http://parhospital.org/,blocked,scrape_excluded:zero_products_manual_review,generic_sitemap_html,0,0,Erbil,أربيل,,2026-04-21T03:47:16.207Z,city_erbil_ChIJhXC806YjB0ARJdhpQ0y1uMM
excluded,معرض الدوحة للالكترونيات,http://www.shivaamvaj.com/,blocked,scrape_excluded:manual_pending_review,,0,0,Baghdad,بغداد,,,city_baghdad_ChIJq6gIhQKCVxURcB7pKd82FSU
excluded,معرض براندات بغداد للاجهزة الكهربائية والمنزلية الوكيل الحصري تبريد+شاشات TCL,https://brandat_baghdad.com/,blocked,scrape_excluded:manual_pending_review,,0,0,Baghdad,بغداد,,,city_baghdad_ChIJaYiAFQB_VxURnS71_4MDmZw
excluded,معرض مبيعات دي أل سي DLC - فرع بغداد,http://www.dlc-iq.com/,blocked,scrape_excluded:zero_products_manual_review,generic_sitemap_html,0,0,Baghdad,بغداد,,2026-04-21T03:47:44.241Z,city_baghdad_ChIJCY13CbeBVxURmHE9pyXmgYs
excluded,مكتب التكنولوجيا المتقدمة,http://www.advantechco.com/,blocked,scrape_excluded:zero_products_manual_review,generic_sitemap_html,0,0,Baghdad,بغداد,,2026-04-21T03:47:39.865Z,city_baghdad_ChIJlS69dH2BVxURH9xK_PipGDc
excluded,مكتب الرواسي للحاسبات والطابعات والاحبار,https://app.gini.iq/deeplink/al_rawasi_office,blocked,scrape_excluded:manual_pending_review,,0,0,Baghdad,بغداد,,,city_baghdad_ChIJvdg6W3V-VxURlqAvDzILz0w
excluded,مكتب الريان ستور,https://hu90.net/,blocked,scrape_excluded:manual_pending_review,,0,0,Nasiriyah,الناصرية,,,city_nasiriyah_ChIJAQgHWQDj3T8RfAMw97hKFPY
excluded,مكتب الشهد لتجارة الحاسبات والشبكات وكاميرات المراقبة,https://b12.io/client/UxWGWXb7/site_builder/?business_name=%D9%85%D9%83%D8%AA%D8%A8+%D8%A7%D9%84%D8%B4%D9%87%D8%AF+%D9%84%D9%84%D8%AD%D8%A7%D8%B3%D8%A8%D8%A7%D8%AA&business_description=%D9%85%D9%83%D8%AA%D8%A8+%D8%A7%D9%84%D8%B4%D9%87%D8%AF+%D9%8A%D9%82%D8%AF%D9%85+%D9%84%D9%83+%D8%A7%D9%84%D8%AD%D9%84+%D8%A7%D9%84%D8%A3%D9%85%D8%AB%D9%84+%D9%84%D8%AA%D8%A3%D9%85%D9%8A%D9%86+%D9%85%D9%86%D8%B2%D9%84%D9%83+%D8%A3%D9%88+%D8%B9%D9%85%D9%84%D9%83+%D8%A8%D8%A3%D8%AD%D8%AF%D8%AB+%D9%83%D8%A7%D9%85%D9%8A%D8%B1%D8%A7%D8%AA+%D8%A7%D9%84%D9%85%D8%B1%D8%A7%D9%82%D8%A8%D8%A9+%D8%B9%D8%A7%D9%84%D9%8A%D8%A9+%D8%A7%D9%84%D8%AF%D9%82%D8%A9.+%D9%86%D8%B6%D9%85%D9%86+%D9%84%D9%83+%D8%AA%D9%88%D9%81%D9%8A%D8%B1+%D8%A7%D9%84%D8%B7%D8%A7%D9%82%D8%A9+%D8%A8%D9%83%D9%81%D8%A7%D8%A1%D8%A9+%D9%85%D8%B9+%D8%A3%D9%86%D8%B8%D9%85%D8%A9+%D8%A7%D9%84%D8%B7%D8%A7%D9%82%D8%A9+%D8%A7%D9%84%D8%B4%D9%85%D8%B3%D9%8A%D8%A9+%D8%A7%D9%84%D9%85%D8%AA%D9%82%D8%AF%D9%85%D8%A9%D8%8C+%D8%A5%D8%B6%D8%A7%D9%81%D8%A9+%D8%A5%D9%84%D9%89+%D8%B4%D8%A8%D9%83%D8%A7%D8%AA+%D8%A7%D9%84%D8%A5%D9%86%D8%AA%D8%B1%D9%86%D8%AA+%D9%81%D8%A7%D8%A6%D9%82%D8%A9+%D8%A7%D9%84%D8%B3%D8%B1%D8%B9%D8%A9+%D9%84%D8%AA%D9%84%D8%A8%D9%8A%D8%A9+%D8%AC%D9%85%D9%8A%D8%B9+%D8%A7%D8%AD%D8%AA%D9%8A%D8%A7%D8%AC%D8%A7%D8%AA%D9%83.+%D8%A7%D8%AE%D8%AA%D8%B1+%D8%A7%D9%84%D8%A3%D9%81%D8%B6%D9%84+%D9%84%D8%AD%D9%85%D8%A7%D9%8A%D8%A9+%D9%88%D8%A7%D8%B3%D8%AA%D8%AF%D8%A7%D9%85%D8%A9+%D8%AD%D9%8A%D8%A7%D8%AA%D9%83+%D8%A7%D9%84%D9%8A%D9%88%D9%85%D9%8A%D8%A9.&utm_medium=chat&utm_source=openai-gpt&utm_content=website-generator&intent=ai-websites&nonce=sn%3AdOmWNpT,blocked,scrape_excluded:zero_products_manual_review,generic_sitemap_html,0,0,Mosul,الموصل,,2026-04-21T03:48:17.572Z,city_mosul_ChIJ105xa8CVB0ARi_7wyZjoyjc
excluded,مكتب المبين للحاسبات,https://almubin20.com/,blocked,scrape_excluded:zero_products_manual_review,generic_sitemap_html,0,0,Nasiriyah,الناصرية,,2026-04-21T03:49:10.528Z,city_nasiriyah_ChIJUQnzKQDj3T8R9Vq1e_2imMs
excluded,مكتب الميثاق للانترنيت والمبايل,http://mmethaq.blogspot.com/,blocked,scrape_excluded:zero_products_manual_review,generic_sitemap_html,0,0,Baqubah,ديالى,,2026-04-21T03:49:26.325Z,city_baqubah_ChIJkbnoBahLVhURByji0YRlXQw
excluded,مكتب امباير,http://www.al-amery.org/,blocked,scrape_excluded:zero_products_manual_review,generic_sitemap_html,0,0,Karbala,كربلاء,,2026-04-21T03:49:35.269Z,city_karbala_ChIJY6YQBABpWRURG_iPsatYJto
excluded,مكتب دايود سنتر,http://www.instegram.com/diode.center,blocked,scrape_excluded:manual_pending_review,,0,0,Karbala,كربلاء,,,city_karbala_ChIJ5cCKDCJrWRURkGZgF4lwXRs
excluded,مكتب ستور كيم | store game,https://bio.site/storeg,blocked,scrape_excluded:zero_products_manual_review,generic_sitemap_html,0,0,Baghdad,بغداد,,2026-04-21T03:50:12.942Z,city_baghdad_ChIJO8NxGhvVWRURLeD7zxpsxBg
excluded,مكتب علي البغدادي للموبايل,https://qrid.cc/AliSaadShakir,blocked,scrape_excluded:zero_products_manual_review,generic_sitemap_html,0,0,Mosul,الموصل,,2026-04-21T03:49:37.167Z,city_mosul_ChIJeYdE6zGVB0ARkv_ix1D1m-k
excluded,مكتب علي المدني للحاسبات وكاميرات المراقبة,http://alialmadani.com/,blocked,scrape_excluded:manual_pending_review,,0,0,Najaf,النجف,,,city_najaf_ChIJO0YFJoHXXhURMYNqSgTFhxg
excluded,مكتب فواز,https://www.fawazoffice.com/,blocked,scrape_excluded:zero_products_manual_review,generic_sitemap_html,0,0,Basra,البصرة,,2026-04-21T03:50:14.705Z,city_basra_ChIJ95PjCACZxD8RSaPdoqipEyM
excluded,مكتب كاردينيا لخدمات الموبايل والحاسبات,http://cutt.us/DaAH,blocked,scrape_excluded:manual_pending_review,,0,0,Baghdad,بغداد,,,city_baghdad_ChIJ6arqXLiBVxURnW3lIkXnLw8
excluded,مكتبة أمزون,https://amazon-erbil.com/,blocked,scrape_excluded:zero_products_manual_review,generic_sitemap_html,0,0,Erbil,أربيل,,2026-04-21T03:50:45.304Z,city_erbil_ChIJhVZ1a2ojB0ARG_tljYK1xYs
excluded,مکتب ڤژن للانظمة المراقبة,http://www.hikvision.com/,blocked,scrape_excluded:manual_pending_review,,0,0,Kirkuk,كركوك,,,city_kirkuk_ChIJmTAcUtDXVBURc7gtr8Sm22o
excluded,ملك لإلكترونيات,https://www.king-elc.com/,blocked,scrape_excluded:zero_products_manual_review,generic_sitemap_html,0,0,Erbil,أربيل,,2026-04-21T03:51:19.189Z,city_erbil_ChIJn1lAdzgiB0ARr-vn77b7DF0
excluded,نون ستوب گيم,http://www.nonstopgame.xyz/,blocked,scrape_excluded:manual_pending_review,,0,0,Baghdad,بغداد,,,city_baghdad_ChIJzRYrkWKBVxURNQnz01rLOBQ
excluded,هوادر للموبايل,http://www.hawdar.com/,blocked,scrape_excluded:manual_pending_review,,0,0,Erbil,أربيل,,,city_erbil_ChIJ6Y7LRSgiB0ARmWl0uGVoL8U
excluded,هيكفجن ذي قار HIKVISION THIQAR,https://visionthiqar.com/,blocked,scrape_excluded:manual_pending_review,,0,0,Nasiriyah,الناصرية,,,city_nasiriyah_ChIJ-ctp6tLj3T8RL2j046xJAQE
excluded,ورشه بلال ومحمد للبرمجة,http://www.bilalgh.cdhost.com/,blocked,scrape_excluded:manual_pending_review,,0,0,Kirkuk,كركوك,,,city_kirkuk_ChIJL17xd3XXVBURCCYDYmTAZaA
excluded,ووشە فۆن,http://wshaphone.com/,blocked,scrape_excluded:zero_products_manual_review,generic_sitemap_html,0,0,Sulaymaniyah,السليمانية,,2026-04-21T03:52:36.011Z,city_sulaymaniyah_ChIJ8-iyf8QtAEARkGZxshsl6JU
excluded,ووشە فۆن (بەختیاری),http://wshaphone.com/,blocked,scrape_excluded:zero_products_manual_review,generic_sitemap_html,0,0,Sulaymaniyah,السليمانية,,2026-04-21T03:52:35.972Z,city_sulaymaniyah_ChIJpdf7DusvAEARpg-Oh_0K5XA
excluded,يسر للبصريات,https://autodine.cloud/yusroptical,blocked,scrape_excluded:manual_pending_review,,0,0,Mosul,الموصل,,,city_mosul_ChIJc0qxXcu_B0ARMWrG3BYxXRk
excluded,Abubazzar (Abualu )( abualu.com ) BSMA Company,https://abualu.com/,blocked,scrape_excluded:zero_products_manual_review,shopify,0,0,Erbil,أربيل,,2026-04-21T03:52:57.986Z,city_erbil_ChIJj9tT55IjB0AR0KdCaaPcE2s
excluded,Adnan Camera - عدنان كاميرا,https://www.adnancamera.com/,blocked,scrape_excluded:zero_products_manual_review,generic_sitemap_html,0,0,Sulaymaniyah,السليمانية,,2026-04-21T03:52:43.980Z,city_sulaymaniyah_ChIJN4suh6kvAEARtryojaJ6YbY
excluded,AL Mujahaz AL Daqiq Forch Iraq,http://www.nanosupplier-iq.com/,blocked,scrape_excluded:zero_products_manual_review,generic_sitemap_html,0,0,Erbil,أربيل,,2026-04-21T03:53:31.429Z,city_erbil_ChIJm6qMQbcfB0ARFxX323XiQFg
excluded,Al Sard Company for General Trading Ltd,http://www.sardco.com/,blocked,scrape_excluded:manual_pending_review,,0,0,Erbil,أربيل,,,city_erbil_ChIJzTyqeaYjB0ARJRnXbRWgd8Y
excluded,Al-Hekma Electronics,http://www.alhekmh.com/,blocked,scrape_excluded:zero_products_manual_review,generic_sitemap_html,0,0,Baghdad,بغداد,,2026-04-21T03:53:54.530Z,city_baghdad_ChIJryIDXviBVxURzthgc434gOU
excluded,AlMadar ISP,https://www.almadarisp.iq/,blocked,scrape_excluded:manual_pending_review,,0,0,Mosul,الموصل,,,city_mosul_ChIJf0mipdPrB0ARH8AjdaoTFlY
excluded,ALPHA TECH IT SOLUTIONS,http://www.e-alphatech.com/,blocked,scrape_excluded:zero_products_manual_review,generic_json_catalog,0,0,Erbil,أربيل,,2026-04-21T03:55:07.435Z,city_erbil_ChIJS2hbOj4jB0ARB1uI9eFYk_I
excluded,Alsuroor Company,https://alsurooriq.com/,blocked,scrape_excluded:manual_pending_review,,0,0,Erbil,أربيل,,,city_erbil_ChIJY1e3SeMjB0ARmwEH_a2-Uh4
excluded,Ardunic - اردونك,http://www.ardunic.com/,blocked,scrape_excluded:zero_products_manual_review,generic_sitemap_html,0,0,Baghdad,بغداد,,2026-04-21T03:56:25.990Z,city_baghdad_ChIJUdoUuMyBVxURYBSbB2reGL4
excluded,Arena Erbil,https://arena-website-ashy.vercel.app/,blocked,scrape_excluded:zero_products_manual_review,generic_sitemap_html,0,0,Erbil,أربيل,,2026-04-21T03:56:30.378Z,city_erbil_ChIJBU0asyQfB0ARaAkXrXQEF4Q
excluded,ARI GAMING,https://arigaming.com/,blocked,scrape_excluded:manual_pending_review,,0,0,Erbil,أربيل,,,city_erbil_ChIJO4XOdpUjB0ARQiQCPCRa3s8
excluded,Barakat Mobile Co.,https://barakatphone.com/,blocked,scrape_excluded:zero_products_manual_review,generic_sitemap_html,0,0,Erbil,أربيل,,2026-04-21T03:58:23.454Z,city_erbil_ChIJsQft-64jB0ARN87_jYx8ab4
excluded,BERNAME Company for IT Solutions,http://www.bername.com/,blocked,scrape_excluded:zero_products_manual_review,generic_sitemap_html,0,0,Sulaymaniyah,السليمانية,,2026-04-21T03:58:29.853Z,city_sulaymaniyah_ChIJ2y8nSectAEARN9KgyfU8p1c
excluded,Bery group showroom پێشانگای گروپی بێری,https://berygroup.com/,blocked,scrape_excluded:manual_pending_review,,0,0,Erbil,أربيل,,,city_erbil_ChIJq2pGJP8iB0ARsTgJw4pEjbc
excluded,Bilad Alrafidayn Tech Baghdad,https://brt-iq.com/,blocked,scrape_excluded:zero_products_manual_review,woocommerce,0,0,Baghdad,بغداد,,2026-04-21T04:19:30.020Z,city_baghdad_ChIJUyQ-9iyBVxURmZtUo50JUpA
excluded,BLUE TECH,http://bluetech.krd/,blocked,scrape_excluded:zero_products_manual_review,generic_sitemap_html,0,0,Erbil,أربيل,,2026-04-21T03:59:10.712Z,city_erbil_ChIJ3bwFdJIjB0AR8BFC6LOmPfQ
excluded,Charge and go اشحن وامشي,https://charge-go.co/,blocked,scrape_excluded:zero_products_manual_review,generic_sitemap_html,0,0,Baghdad,بغداد,,2026-04-21T03:59:39.668Z,city_baghdad_ChIJ4cx4m8GDVxURBU30v7OwAJA
excluded,Chrani Company - Erbil Branch,http://www.chranico.com/,blocked,scrape_excluded:zero_products_manual_review,generic_sitemap_html,0,0,Erbil,أربيل,,2026-04-21T03:59:56.242Z,city_erbil_ChIJ931_OHgjB0ARKEfBVhacFTI
excluded,CHRANI COMPANY - Kirkuk Branch,http://www.chranico.com/,blocked,scrape_excluded:zero_products_manual_review,generic_sitemap_html,0,0,Kirkuk,كركوك,,2026-04-21T04:00:13.299Z,city_kirkuk_ChIJlyMajdvXVBURJeXWAvPAPtU
excluded,Click IT,https://www.click2011.com/,blocked,scrape_excluded:zero_products_manual_review,generic_sitemap_html,0,0,Sulaymaniyah,السليمانية,,2026-04-21T04:01:11.133Z,city_sulaymaniyah_ChIJM-Elqc8tAEARjJo0XU3laGQ
excluded,codify,http://www.codify.ninja/,blocked,scrape_excluded:manual_pending_review,,0,0,Sulaymaniyah,السليمانية,,,city_sulaymaniyah_ChIJqzZ2JAAtAEARZCN9foaikIg
excluded,COREX STORE,https://rana-desiner.my.canva.site/corex-store-linktree,blocked,scrape_excluded:zero_products_manual_review,generic_sitemap_html,0,0,Baghdad,بغداد,,2026-04-21T04:01:25.440Z,city_baghdad_ChIJTb940vvXWRURjzo9RniPgrU
excluded,Darin Game,https://www.daringaming.com/,blocked,scrape_excluded:manual_pending_review,,0,0,Erbil,أربيل,,,city_erbil_ChIJSyJKHwAjB0ARZK-YbHq8e64
excluded,Darin Game,http://www.daringame.co/,blocked,scrape_excluded:manual_pending_review,,0,0,Sulaymaniyah,السليمانية,,,city_sulaymaniyah_ChIJe12di1QvAEARnfcxJg3OCkY
excluded,Dasy2,http://www.dasy2.com/,blocked,scrape_excluded:zero_products_manual_review,generic_sitemap_html,0,0,Sulaymaniyah,السليمانية,,2026-04-21T04:01:56.565Z,city_sulaymaniyah_ChIJmTzHp90vAEAR2p4loEgTNe0
excluded,DataNet Telecom LTD,http://datanetiraq.net/,blocked,scrape_excluded:manual_pending_review,,0,0,Basra,البصرة,,,city_basra_ChIJxzTANICXxD8RemZeYy_ODq0
excluded,Day of Science,http://www.dayofscience.com/,blocked,scrape_excluded:zero_products_manual_review,generic_sitemap_html,0,0,Sulaymaniyah,السليمانية,,2026-04-21T04:02:10.316Z,city_sulaymaniyah_ChIJr04nmfsvAEARBLlIX8jNsrw
excluded,Deli Tools Basra عدد دلي البصرة,https://delitoolsbasra.com/en,blocked,scrape_excluded:manual_pending_review,,0,0,Basra,البصرة,,,city_basra_ChIJlwvtDXSXxD8RWzwfDq4xzss
excluded,"DLC Showroom | Hayy Al-Jami'a, Baghdad",https://dlc-iq.com/,blocked,scrape_excluded:zero_products_manual_review,generic_sitemap_html,0,0,Baghdad,بغداد,,2026-04-21T04:02:50.539Z,city_baghdad_ChIJ9fb4Xgx_VxURkb1IAjMnong
excluded,DLC Showroom | Sulaymaniyah Showroom,http://www.dlc-iq.com/,blocked,scrape_excluded:zero_products_manual_review,generic_sitemap_html,0,0,Sulaymaniyah,السليمانية,,2026-04-21T04:03:21.757Z,city_sulaymaniyah_ChIJM8Mc030tAEARszOBIiuczew
excluded,Door Net دور نت لخدمات الانترنت والموبايل والحاسبات,http://www.door.net/,blocked,scrape_excluded:manual_pending_review,,0,0,Najaf,النجف,,,city_najaf_ChIJ8QfqDo3XXhURdLH9eUOAVHc
excluded,Dream Technology - دريم تكنولوجي,http://dreamtech.iqmenus.com/,blocked,scrape_excluded:zero_products_manual_review,generic_sitemap_html,0,0,Sulaymaniyah,السليمانية,,2026-04-21T04:04:32.102Z,city_sulaymaniyah_ChIJL6X5qUwvAEARlBHJqDxMmuY
excluded,Electronic Gaming Center,https://foxgame.company.site/%D8%B3%D8%A7%D9%8A%D8%AF-%D8%A8%D8%B1%D9%8A%D9%83-%D9%84%D9%88%D8%AC%D8%AA%D9%83-p189398536,blocked,scrape_excluded:zero_products_manual_review,generic_sitemap_html,0,0,Basra,البصرة,,2026-04-21T04:04:50.602Z,city_basra_ChIJfS9XBFGXxD8RZCJE5soCZuE
excluded,Empire Phone,https://empire-phone.com/,blocked,scrape_excluded:zero_products_manual_review,generic_sitemap_html,0,0,Erbil,أربيل,,2026-04-21T04:05:33.389Z,city_erbil_ChIJ99Bh3tkjB0ARaRpLmvwPF3U
excluded,Erbil Group for Network solutions,http://www.almjmuaah.com/,blocked,scrape_excluded:zero_products_manual_review,woocommerce,0,0,Erbil,أربيل,,2026-04-21T04:06:24.898Z,city_erbil_ChIJXb4Tq50jB0ARQoIvq7G5g74
excluded,Faruk Investment Group Ltd,http://www.farukholding.com/,blocked,scrape_excluded:zero_products_manual_review,generic_sitemap_html,0,0,Sulaymaniyah,السليمانية,,2026-04-21T04:06:10.494Z,city_sulaymaniyah_ChIJdQ2FBIEuAEARmSRL0nOIP10
excluded,Future Technologies تقنيات المستقبل,http://futuretechiq.net/,blocked,scrape_excluded:zero_products_manual_review,generic_sitemap_html,0,0,Basra,البصرة,,2026-04-21T04:07:26.976Z,city_basra_ChIJ2V12DSeZxD8RmO0-_jrv0L0
excluded,Gamesat Store,https://gamesatstore.com/,blocked,scrape_excluded:manual_pending_review,,0,0,Sulaymaniyah,السليمانية,,,city_sulaymaniyah_ChIJ0UlBPfAvAEARNfcN6kGPl0Q
excluded,GameStop,http://gamestop.com/,blocked,scrape_excluded:manual_pending_review,,0,0,Erbil,أربيل,,,city_erbil_ChIJnaLjYwQhB0ARDvUUXMeFq1Y
excluded,Gaming Pro,https://gaming-pro.store/,blocked,scrape_excluded:zero_products_manual_review,woocommerce,0,0,Erbil,أربيل,,2026-04-21T04:08:37.723Z,city_erbil_ChIJB255OQAjB0ARe7lWF3FoL84
excluded,Golden Technology - التكنولوجيا الذهبية,https://gtiraq.com/,blocked,scrape_excluded:manual_pending_review,,0,0,Erbil,أربيل,,,city_erbil_ChIJHasd2pAjB0ARw57IWxvjE70
excluded,Hama store,https://www.hama-store.com/,blocked,scrape_excluded:zero_products_manual_review,generic_sitemap_html,0,0,Erbil,أربيل,,2026-04-21T04:09:38.174Z,city_erbil_ChIJ-y7i4j8hB0ARQlduTn3vUi0
excluded,Hattra Smart Home | هترا المنزل الذكي,https://www.hattra.ir/,blocked,scrape_excluded:zero_products_manual_review,generic_sitemap_html,0,0,Najaf,النجف,,2026-04-21T04:09:43.673Z,city_najaf_ChIJvR1pdtPXXhURd_rdpm28rs0
excluded,Hawler Camera company ( SHC ),http://www.hawler-camera.com/,blocked,scrape_excluded:zero_products_manual_review,generic_sitemap_html,0,0,Erbil,أربيل,,2026-04-21T04:12:34.746Z,city_erbil_ChIJP8wvjuUjB0ARdWQB1QDii3M
excluded,High Smart,http://hi-smart.co/,blocked,scrape_excluded:zero_products_manual_review,generic_sitemap_html,0,0,Sulaymaniyah,السليمانية,,2026-04-21T04:13:02.244Z,city_sulaymaniyah_ChIJYwE_NCgvAEAR0AFXW6AEIzk
excluded,High Smart Erbil,https://moderninvest.krd/,blocked,scrape_excluded:manual_pending_review,,0,0,Erbil,أربيل,,,city_erbil_ChIJn2l9ZnwjB0ARLpK9wG5IDp0
excluded,HIKVISION Authorized Service Station مركز صيانة المعتمد في العراق,http://ard-albasra.com/,blocked,scrape_excluded:manual_pending_review,,0,0,Basra,البصرة,,,city_basra_ChIJyRm3QDeXxD8RrgcObC9c4yU
excluded,Hiwa Gaming,http://coderaran5.wixsite.com/hiwa-gaming/,blocked,scrape_excluded:zero_products_manual_review,woocommerce,0,0,Sulaymaniyah,السليمانية,,2026-04-21T04:14:14.018Z,city_sulaymaniyah_ChIJUb1p_YktAEARhrdipKzZtlw
excluded,Home Istanbul,https://www.homeistanbul.com/,blocked,scrape_excluded:zero_products_manual_review,generic_sitemap_html,0,0,Erbil,أربيل,,2026-04-21T04:14:21.841Z,city_erbil_ChIJLwWCLjQhB0ARVsgZDBirXCo
excluded,iNexusNet System Integrator,http://nexusnet.co/,blocked,scrape_excluded:zero_products_manual_review,generic_json_catalog,0,0,Sulaymaniyah,السليمانية,,2026-04-21T04:17:55.075Z,city_sulaymaniyah_ChIJjdsQDlItAEARUIG0_PVl5lE
excluded,INSIGHT GROUP,http://www.insightgroup.me/,blocked,scrape_excluded:manual_pending_review,,0,0,Erbil,أربيل,,,city_erbil_ChIJiR7n890eB0ARC_j93BVXCrw
excluded,Iraqi Games Center,https://adwaa-ard-almarh.com/,blocked,scrape_excluded:zero_products_manual_review,generic_sitemap_html,0,0,Baghdad,بغداد,,2026-04-21T04:18:43.799Z,city_baghdad_ChIJp2sPd_h-VxURRkxrUXJljU4
excluded,ISTAR ERBIL,https://get.stbsoft.com/,blocked,scrape_excluded:zero_products_manual_review,generic_sitemap_html,0,0,Erbil,أربيل,,2026-04-21T04:18:44.356Z,city_erbil_ChIJr_4j3FQiB0ARDGLOTaj8X6o
excluded,ITLOBBY,http://www.itlobby.co/,blocked,scrape_excluded:zero_products_manual_review,generic_sitemap_html,0,0,Erbil,أربيل,,2026-04-21T04:18:52.119Z,city_erbil_ChIJv-y9TXghB0ARHQuzyp-0_bI
excluded,Jihany Program Computer,http://www.jihanyprogram.com/,blocked,scrape_excluded:zero_products_manual_review,generic_sitemap_html,0,0,Sulaymaniyah,السليمانية,,2026-04-21T04:20:21.101Z,city_sulaymaniyah_ChIJ9TEHz2ktAEARGKu4F6ANUKY
excluded,joni soft,http://www.kurdishfirmware.com/,blocked,scrape_excluded:zero_products_manual_review,generic_sitemap_html,0,0,Erbil,أربيل,,2026-04-21T04:20:53.359Z,city_erbil_ChIJgUGXO3wjB0ARBnyQu8QmfQA
excluded,K.G.C,https://www.kgciq.com/,blocked,scrape_excluded:manual_pending_review,,0,0,Karbala,كربلاء,,,city_karbala_ChIJ8QJmKJZrWRURczPeMBDxulw
excluded,KC GAMING,https://kurdistancommunity.com/,blocked,scrape_excluded:zero_products_manual_review,generic_sitemap_html,0,0,Erbil,أربيل,,2026-04-21T04:21:21.683Z,city_erbil_ChIJw8l85QkjB0ARbhzrU4P85PM
excluded,Korek Tel,https://korektel.com/,blocked,scrape_excluded:zero_products_manual_review,generic_sitemap_html,0,0,Erbil,,,2026-04-21T03:11:03.489Z,manual_korektel
excluded,Korek Telecom,https://www.korektel.com/,blocked,scrape_excluded:zero_products_manual_review,generic_sitemap_html,0,0,Erbil,أربيل,,2026-04-21T04:21:04.736Z,city_erbil_ChIJ9TbInV4jB0ARDOOAJxMUnZ4
excluded,Korek Telecom - كورك تيليكوم,https://www.korektel.com/,blocked,scrape_excluded:zero_products_manual_review,generic_sitemap_html,0,0,Najaf,النجف,,2026-04-21T04:21:05.806Z,city_najaf_ChIJAbkfegQpXxURjLtfaLZ5oEk
excluded,Korek Telecom - كورك تيليكوم,https://www.korektel.com/,blocked,scrape_excluded:zero_products_manual_review,generic_sitemap_html,0,0,Karbala,كربلاء,,2026-04-21T04:21:06.877Z,city_karbala_ChIJfcn7IMlrWRURelfgETHT6yY
excluded,Korek Telecom - كورك تيليكوم,https://www.korektel.com/,blocked,scrape_excluded:zero_products_manual_review,generic_sitemap_html,0,0,Mosul,الموصل,,2026-04-21T04:21:07.968Z,city_mosul_ChIJQ0TMW2GnxD8RPivMQeTKnac
excluded,Korek Telecom - كورك تيليكوم,https://www.korektel.com/,blocked,scrape_excluded:zero_products_manual_review,generic_sitemap_html,0,0,Mosul,الموصل,,2026-04-21T04:21:09.033Z,city_mosul_ChIJNzgxLpyVB0ARiO3U8XGvTFA
excluded,Korek Telecom - كورك تيليكوم,https://www.korektel.com/,blocked,scrape_excluded:zero_products_manual_review,generic_sitemap_html,0,0,Mosul,الموصل,,2026-04-21T04:21:10.118Z,city_mosul_ChIJBXmlvYeVB0ARJGWmwovmdLE
excluded,Korek Telecom - کورەك تیلیکۆم - كورك تيليكوم,https://www.korektel.com/,blocked,scrape_excluded:zero_products_manual_review,generic_sitemap_html,0,0,Erbil,أربيل,,2026-04-21T04:21:11.192Z,city_erbil_ChIJW23wAJQZB0AReeGK4v4C6e0
excluded,Korek Telecom - کورەك تیلیکۆم - كورك تيليكوم,https://www.korektel.com/,blocked,scrape_excluded:zero_products_manual_review,generic_sitemap_html,0,0,Sulaymaniyah,السليمانية,,2026-04-21T04:21:12.692Z,city_sulaymaniyah_ChIJ2epv0LUvAEARUEWQZLgZvPs
excluded,Korek Telecom - کورەك تیلیکۆم - كورك تيليكوم,https://www.korektel.com/,blocked,scrape_excluded:zero_products_manual_review,generic_sitemap_html,0,0,Kirkuk,كركوك,,2026-04-21T04:21:12.259Z,city_kirkuk_ChIJhS95QU_XVBURGzFEyVj0uk0
excluded,Korek Telecom Shop,http://www.korektel.com/,blocked,scrape_excluded:zero_products_manual_review,generic_sitemap_html,0,0,Erbil,أربيل,,2026-04-21T04:21:15.060Z,city_erbil_ChIJzQFPk5wiB0ARRJ_AKMtiVJU
excluded,Kurdsat phone & pc,http://kurdsat.co/,blocked,scrape_excluded:manual_pending_review,,0,0,Sulaymaniyah,السليمانية,,,city_sulaymaniyah_ChIJYQ8nCiItAEARwkrKyv9GSdI
excluded,Kurdtel Telecommunications,http://kurdtel.net/,blocked,scrape_excluded:zero_products_manual_review,generic_sitemap_html,0,0,Sulaymaniyah,السليمانية,,2026-04-21T04:21:54.091Z,city_sulaymaniyah_ChIJk3-Bzx0sAEARDfr-M0ECwKk
excluded,La Miami,https://lamiamierbil.com/,blocked,scrape_excluded:zero_products_manual_review,generic_sitemap_html,0,0,Erbil,أربيل,,2026-04-21T04:21:23.234Z,city_erbil_ChIJzyUrIQAjB0ARln1g8dFQKes
excluded,LG Service center (Khoshnaw /Erbil) مركز صيانه ال جي (خوشناو /اربيل),http://www.lg-svc.com/,blocked,scrape_excluded:manual_pending_review,,0,0,Erbil,أربيل,,,city_erbil_ChIJG349U2YjB0ARK1Pw_WvliFU
excluded,M Center Erbil,https://mcenter-iraq.com/,blocked,scrape_excluded:manual_pending_review,,0,0,Erbil,أربيل,,,city_erbil_ChIJp33QL0MjB0ARGj_3B6Bis7s
excluded,M Center Sulaymaniyah,http://www.mcenter-iraq.com/,blocked,scrape_excluded:manual_pending_review,,0,0,Sulaymaniyah,السليمانية,,,city_sulaymaniyah_ChIJj_wYLagvAEARHCiUrSuULO8
excluded,Master Group,http://www.masteriraq.com/,blocked,scrape_excluded:zero_products_manual_review,generic_sitemap_html,0,0,Baghdad,بغداد,,2026-04-21T04:24:43.266Z,city_baghdad_ChIJCZEDFeODVxURugoL-xp5M34
excluded,MB it Solutions,https://mbitsolutions.net/,blocked,scrape_excluded:manual_pending_review,,0,0,Erbil,أربيل,,,city_erbil_ChIJTx0Ub3IfB0ARPY-Cy22rWF0
excluded,Mi Store (by IT Lobby Co.),http://www.itlobby.co/,blocked,scrape_excluded:zero_products_manual_review,generic_sitemap_html,0,0,Sulaymaniyah,السليمانية,,2026-04-21T04:26:40.152Z,city_sulaymaniyah_ChIJ7xIyGAcvAEAREN5zNoAS6Fw
excluded,Mizzo shopping,https://mizzostore.com/,blocked,scrape_excluded:zero_products_manual_review,shopify,0,0,Baghdad,بغداد,,2026-04-21T04:27:07.394Z,city_baghdad_ChIJZXbvfUaBVxUR9CSoMOcniUc
excluded,Nabaa Dar Alsalam - نبع دار السلام,http://nds-erbil.epizy.com/,blocked,scrape_excluded:zero_products_manual_review,generic_sitemap_html,0,0,Erbil,أربيل,,2026-04-21T04:27:21.319Z,city_erbil_ChIJCVPGK1AjB0ARBltY7LeLv-c
excluded,Nizar4Game,https://nzarstore.com/,blocked,scrape_excluded:zero_products_manual_review,generic_sitemap_html,0,0,Erbil,أربيل,,2026-04-21T04:27:18.244Z,city_erbil_ChIJP_mAiVkhB0ARZkUhSpqEHgc
excluded,One Center,http://www.onestoreiraq.com/,blocked,scrape_excluded:zero_products_manual_review,generic_sitemap_html,0,0,Erbil,أربيل,,2026-04-21T04:28:06.818Z,city_erbil_ChIJz5GYjXIjB0ARWgbpXNhhPrk
excluded,One Store - Apple,http://www.onestoreiraq.com/,blocked,scrape_excluded:zero_products_manual_review,generic_sitemap_html,0,0,Erbil,أربيل,,2026-04-21T04:28:34.373Z,city_erbil_ChIJJaN8jtcjB0AR2JbPl814rYc
excluded,Parooni company,https://paroonico.store/,blocked,scrape_excluded:manual_pending_review,,0,0,Erbil,أربيل,,,city_erbil_ChIJ35S-SAAjB0ARM8_k8JwCb5U
excluded,PC MART STORE مكتب,http://pcmart.store/,blocked,scrape_excluded:zero_products_manual_review,generic_sitemap_html,0,0,Baghdad,بغداد,,2026-04-21T04:28:05.805Z,city_baghdad_ChIJr_-fzNWBVxUR3EhLK-UpsPU
excluded,Pcnetiq,http://www.pcnetiq.com/,blocked,scrape_excluded:manual_pending_review,,0,0,Sulaymaniyah,السليمانية,,,city_sulaymaniyah_ChIJZ7KyBlktAEARh0kOKHfCKsA
excluded,PIT Designs - Erbil Web Design,https://pitdesigns.com/,blocked,scrape_excluded:manual_pending_review,,0,0,Erbil,أربيل,,,city_erbil_ChIJp9PYOjcfB0ARa49ZKYP4lUM
excluded,R khoshnaw,https://dolikhoshnawati.com/,blocked,scrape_excluded:zero_products_manual_review,woocommerce,0,0,Erbil,أربيل,,2026-04-21T04:30:53.897Z,city_erbil_ChIJQfRQaoAjB0ARR0dWUKzeztE
excluded,RAM COMPUTER,http://www.ramerbil.com/,blocked,scrape_excluded:manual_pending_review,,0,0,Erbil,أربيل,,,city_erbil_ChIJ2cVIJf8iB0ARqD6QNB-NwJg
excluded,Reflections Smart Technologies,https://www.rst-tech.me/,blocked,scrape_excluded:zero_products_manual_review,generic_sitemap_html,0,0,Erbil,أربيل,,2026-04-21T04:29:46.871Z,city_erbil_ChIJK6KuAOojB0ARdM6_Ev3qjRk
excluded,Sadar Company,http://www.sadarsat.com/,blocked,scrape_excluded:manual_pending_review,,0,0,Erbil,أربيل,,,city_erbil_ChIJWxtpUOYjB0AR5y6Kx22HS5Y
excluded,Sarbast Omar Company,http://sarbast-omer.com/,blocked,scrape_excluded:manual_pending_review,,0,0,Erbil,أربيل,,,city_erbil_ChIJcWwCFbYjB0ARo1kGw6zcrNw
excluded,Shopping Shop - Karbala,http://www.shoppingshop.com/,blocked,scrape_excluded:manual_pending_review,,0,0,Karbala,كربلاء,,,city_karbala_ChIJKZARAWRrWRUReKUu5PCHSVA
excluded,SMART AE,http://www.smartae.com/,blocked,scrape_excluded:manual_pending_review,,0,0,Baghdad,بغداد,,,city_baghdad_ChIJ35zU8ROBVxURDSZW9QIhM60
excluded,Smart AE Co.,http://www.smartae.ae/,blocked,scrape_excluded:zero_products_manual_review,woocommerce,0,0,Baghdad,بغداد,,2026-04-21T04:33:02.348Z,city_baghdad_ChIJZR5mx4SBVxURawr3YkF9sWg
excluded,Smart lifts Company,http://www.smartliftiraq.com/,blocked,scrape_excluded:zero_products_manual_review,generic_sitemap_html,0,0,Erbil,أربيل,,2026-04-21T04:31:41.476Z,city_erbil_ChIJ85YURMEjB0ARXTPKJKmEjBQ
excluded,Smart Station Company,https://www.smartstation.krd/,blocked,scrape_excluded:zero_products_manual_review,generic_sitemap_html,0,0,Sulaymaniyah,السليمانية,,2026-04-21T04:32:50.275Z,city_sulaymaniyah_ChIJx8y8pSctAEARC21xaqn4mZY
excluded,SMART SUPPLY GENERAL TRADING,http://www.smartsupplyco.com/,blocked,scrape_excluded:zero_products_manual_review,generic_json_catalog,0,0,Erbil,أربيل,,2026-04-21T04:33:39.428Z,city_erbil_ChIJA7NqmtYfB0AR1r6nhBJfEHA
excluded,Smart Trader,http://www.smarttraderiraq.com/,blocked,scrape_excluded:zero_products_manual_review,generic_sitemap_html,0,0,Sulaymaniyah,السليمانية,,2026-04-21T04:33:41.272Z,city_sulaymaniyah_ChIJ3eMQ4DotAEARHhzMgKSnZto
excluded,Smart Trader Office Shawkati Mala,https://smarttraderiraq.com/,blocked,scrape_excluded:zero_products_manual_review,generic_sitemap_html,0,0,Sulaymaniyah,السليمانية,,2026-04-21T04:33:42.508Z,city_sulaymaniyah_ChIJLcGEE1otAEAR_irmcGd3oGI
excluded,Smart Wave Technology,http://www.swt-iq.com/,blocked,scrape_excluded:zero_products_manual_review,generic_sitemap_html,0,0,Baghdad,بغداد,,2026-04-21T04:34:07.126Z,city_baghdad_ChIJXUP8PwB_VxURB8lIciu4A2U
excluded,Smart Way Iraq,http://www.smartwayiq.com/,blocked,scrape_excluded:zero_products_manual_review,generic_sitemap_html,0,0,Baghdad,بغداد,,2026-04-21T04:34:19.187Z,city_baghdad_ChIJm8mDnaGBVxURyIZTsdMi-Mo
excluded,Smartech,http://www.smartech-iq.com/,blocked,scrape_excluded:manual_pending_review,,0,0,Basra,البصرة,,,city_basra_ChIJebK09yWZxD8RDhrClgJoMFs
excluded,SmartHand,https://smarthand.co/,blocked,scrape_excluded:zero_products_manual_review,generic_sitemap_html,0,0,Sulaymaniyah,السليمانية,,2026-04-21T04:34:44.127Z,city_sulaymaniyah_ChIJ0ZAESAAvAEARphrbckqXm28
excluded,smtkala,https://smtkala.ir/,blocked,scrape_excluded:manual_pending_review,,0,0,Karbala,كربلاء,,,city_karbala_ChIJLWnQN-FpWRUR_Q_rn5mPAUM
excluded,SOD- Sky of Development LLC.,https://www.sodiraq.com/,blocked,scrape_excluded:zero_products_manual_review,generic_sitemap_html,0,0,Erbil,أربيل,,2026-04-21T04:35:25.812Z,city_erbil_ChIJ0ybJpRcfB0ARmvJ9vh8Vpus
excluded,sonic company شركة سونيك,https://arh.company/,blocked,scrape_excluded:manual_pending_review,,0,0,Erbil,أربيل,,,city_erbil_ChIJq5TX47shB0ARHy_SNRiZp9I
excluded,Source Tech Co. Ltd,https://sourcetechco.com/,blocked,scrape_excluded:manual_pending_review,,0,0,Erbil,أربيل,,,city_erbil_ChIJV70vHJ8jB0ARTg5OrouTCrY
excluded,Tina Co. Erbil,http://www.tina-iq.net/,blocked,scrape_excluded:manual_pending_review,,0,0,Erbil,أربيل,,,city_erbil_ChIJWYupc-gjB0ARYy608l1mfbw
excluded,Tishknet,https://www.tishknet.com/,blocked,scrape_excluded:manual_pending_review,,0,0,Sulaymaniyah,السليمانية,,,city_sulaymaniyah_ChIJn2ZODJMuAEARx0kmu3iZ0Ao
excluded,TopIT Company (Hikvision),http://www.topitcompany.io/,blocked,scrape_excluded:zero_products_manual_review,generic_json_catalog,0,0,Sulaymaniyah,السليمانية,,2026-04-21T04:38:07.564Z,city_sulaymaniyah_ChIJqVnsGlctAEARby4VVxFYWPg
excluded,U smart,https://usmart-iot.com/,blocked,scrape_excluded:zero_products_manual_review,generic_sitemap_html,0,0,Kirkuk,كركوك,,2026-04-21T04:38:10.877Z,city_kirkuk_ChIJVZ5xZwDXVBURKixL2SNgZ0w
excluded,Vaiotik – Security and Surveillance | شركة النخبة التقنية,http://www.et.iq/,blocked,scrape_excluded:manual_pending_review,,0,0,Karbala,كربلاء,,,city_karbala_ChIJL3X0TW5rWRURMD9ILtGsHlk
excluded,Vida Smart Home,https://www.vidasmarthome.net/,blocked,scrape_excluded:zero_products_manual_review,generic_sitemap_html,0,0,Sulaymaniyah,السليمانية,,2026-04-21T04:38:23.809Z,city_sulaymaniyah_ChIJz__W6k4tAEARwU2J3Ry9Ivg
excluded,View Enterprise Company,http://www.view-enterprise.com/iraq,blocked,scrape_excluded:manual_pending_review,,0,0,Erbil,أربيل,,,city_erbil_ChIJaeNLsG0jB0ARW7j_wDgSJ0s
excluded,VOLT Smart Home And Security 1,http://volt-smart.com/,blocked,scrape_excluded:zero_products_manual_review,generic_sitemap_html,0,0,Baghdad,بغداد,,2026-04-21T04:39:18.651Z,city_baghdad_ChIJWXawoe1_VxURErLycQhQr1w
excluded,VOLT Smart Home and Security 2,http://www.volt-smart.com/,blocked,scrape_excluded:zero_products_manual_review,generic_sitemap_html,0,0,Baghdad,بغداد,,2026-04-21T04:39:26.372Z,city_baghdad_ChIJm63wZwCBVxURdQMo00z2X3Y
excluded,Volta Game Center,http://voltacenter.net/,blocked,scrape_excluded:zero_products_manual_review,generic_sitemap_html,0,0,Sulaymaniyah,السليمانية,,2026-04-21T04:39:46.865Z,city_sulaymaniyah_ChIJURZiXQAvAEAR_vrbRaKVajU
excluded,Wasil | واصل,http://www.wasil-iq.com/,blocked,scrape_excluded:zero_products_manual_review,generic_sitemap_html,0,0,Erbil,أربيل,,2026-04-21T04:39:22.334Z,city_erbil_ChIJMz1Sig8ZB0ARukVAv0GGY1g
excluded,Wise Tech Company,https://www.wisetechnology.co/,blocked,scrape_excluded:zero_products_manual_review,generic_sitemap_html,0,0,Sulaymaniyah,السليمانية,,2026-04-21T04:39:57.085Z,city_sulaymaniyah_ChIJd-HfUwAvAEARk8fLLWCfaKM
excluded,Zero One Company for ICT Solutions,https://01solutions.net/,blocked,scrape_excluded:manual_pending_review,,0,0,Baghdad,بغداد,,,city_baghdad_ChIJ2fGTae1_VxURyig7BdxIPrE